,V1,V2,V3,V4,V5,V6,V7,V8,V9,V10,V11,V12,V13,V14,V15,V16,V17,V18,V19,V20,V21,V22,V23,V24,V25,V26,V27,V28,V29,V30,V31,V32,V33,V34,A1,A2,A3,A4,A5,A6,A7,A8,A9,A10,A11,A12,A13,A14,A15,A16,A17,A18,A19,A20,A21,A22,A23,A24,A25,A26,A27,A28,A29,A30,A31,A32,A33,A34,A35,A36,A37,A38,A39,A40,A41,A42,A43,A44,A45,A46,A47,A48,A49,A50,A51
V1,0.0,,2540.0,497.0,1185.0,1961.0,2113.0,497.0,1840.0,1872.0,968.0,2509.0,1059.0,254.0,2113.0,658.0,1525.0,1520.0,1944.0,1723.0,1345.0,69270.0,1149.0,552.0,1176.0,1121.0,3972.0,1381.0,150.0,1132.0,1617.0,1824.0,69270.0,,1864.0,1400.0,930.0,1430.0,1862.0,2372.0,1304.0,1729.0,2956.0,2032.0,3619.0,1346.0,1575.0,1574.0,806.0,1705.0,1800.0,1603.0,1665.0,1108.0,1557.0,1129.0,1145.0,3028.0,2205.0,1057.0,1259.0,1203.0,985.0,5088.0,582.0,2344.0,1385.0,1347.0,2301.0,3530.0,1388.0,5086.0,1946.0,1305.0,1165.0,4051.0,814.0,1683.0,2703.0,714.0,1086.0,1064.0,714.0,1003.0,563.0
V2,,0.0,,,,,,,,,,,,,,,,,,,,,,,,,,,,,,,,,,,,,,,,,,,,,,,,,,,,,,,,,,,,,,,,,,,,,,,,,,,,,,,,,,,
V3,2748.0,,0.0,2572.0,2685.0,2454.0,1706.0,2572.0,1999.0,1994.0,2714.0,1675.0,1755.0,2592.0,1706.0,2539.0,3338.0,2796.0,2463.0,3412.0,1917.0,68596.0,1845.0,2426.0,2707.0,1855.0,2294.0,3111.0,2557.0,1921.0,3037.0,2045.0,68596.0,,3739.0,3275.0,2805.0,3305.0,2586.0,1538.0,2870.0,2701.0,4548.0,1469.0,5377.0,3158.0,3178.0,2994.0,2153.0,3466.0,1716.0,2584.0,3395.0,2838.0,3287.0,2858.0,2219.0,4620.0,1962.0,2492.0,2588.0,2619.0,2535.0,5385.0,2725.0,4102.0,3184.0,3146.0,4033.0,5289.0,2727.0,6678.0,1970.0,1482.0,2661.0,5643.0,2077.0,3248.0,4462.0,2390.0,2816.0,2940.0,2672.0,2733.0,2559.0
V4,491.0,,2421.0,0.0,1321.0,2097.0,2249.0,0.0,1976.0,2008.0,664.0,2205.0,1195.0,511.0,2249.0,315.0,1337.0,1216.0,1640.0,1420.0,1229.0,69139.0,1285.0,784.0,1312.0,1257.0,4116.0,1078.0,451.0,1268.0,1489.0,1959.0,69139.0,,1676.0,1211.0,741.0,1241.0,1559.0,2069.0,1001.0,1865.0,2652.0,1915.0,3385.0,1157.0,1386.0,1446.0,942.0,1401.0,1936.0,1739.0,1362.0,805.0,1254.0,825.0,841.0,2724.0,1901.0,1193.0,1231.0,1339.0,1121.0,4785.0,673.0,2110.0,1196.0,1158.0,2040.0,3296.0,1084.0,4928.0,1830.0,1441.0,977.0,3747.0,735.0,1379.0,2469.0,439.0,783.0,789.0,346.0,699.0,226.0
V5,1407.0,,2851.0,1454.0,0.0,2310.0,2462.0,1454.0,2192.0,2250.0,1925.0,3330.0,1408.0,1348.0,2462.0,1616.0,1535.0,2478.0,2901.0,1716.0,2303.0,70156.0,1498.0,1508.0,18.0,1503.0,4321.0,2184.0,1312.0,1514.0,1234.0,2172.0,70156.0,,2248.0,1817.0,1445.0,1945.0,2820.0,3194.0,2262.0,1475.0,3087.0,2990.0,3615.0,1355.0,1374.0,1191.0,1146.0,1904.0,2148.0,1985.0,2623.0,2066.0,2254.0,2086.0,2103.0,3159.0,3026.0,778.0,498.0,833.0,284.0,5219.0,1233.0,2340.0,1381.0,1343.0,2298.0,3527.0,2346.0,5363.0,2904.0,1651.0,858.0,4182.0,1772.0,2320.0,2700.0,1672.0,2044.0,2052.0,1672.0,1961.0,1521.0
V6,2097.0,,2309.0,2145.0,2131.0,0.0,948.0,2145.0,564.0,585.0,2491.0,3095.0,1208.0,2038.0,948.0,2306.0,2773.0,2815.0,2928.0,2954.0,2185.0,69921.0,1221.0,2199.0,2153.0,1304.0,3662.0,2888.0,2002.0,1256.0,2472.0,511.0,69921.0,,3486.0,3041.0,2571.0,3071.0,2656.0,2958.0,2631.0,2136.0,4309.0,2872.0,4854.0,2593.0,2613.0,2429.0,1565.0,3142.0,1009.0,1502.0,3172.0,2615.0,3064.0,2635.0,1939.0,4381.0,2791.0,1937.0,2023.0,2054.0,1981.0,6441.0,2484.0,3578.0,2619.0,2581.0,3536.0,4765.0,2714.0,6439.0,2776.0,1415.0,2096.0,5404.0,1797.0,3009.0,3938.0,2167.0,2593.0,2706.0,2362.0,2510.0,2211.0
V7,2353.0,,1750.0,2401.0,2407.0,941.0,0.0,2401.0,486.0,565.0,2872.0,3105.0,1363.0,2294.0,0.0,2562.0,2946.0,3125.0,2874.0,3127.0,2355.0,69932.0,1453.0,2454.0,2424.0,1463.0,3130.0,3198.0,2258.0,1563.0,2645.0,633.0,69932.0,,3659.0,3229.0,2800.0,3300.0,2678.0,2968.0,2940.0,2309.0,4498.0,2898.0,5027.0,2766.0,2786.0,2602.0,1804.0,3315.0,566.0,1727.0,3482.0,2924.0,3373.0,2945.0,2249.0,4808.0,2802.0,2180.0,2196.0,2227.0,2277.0,6630.0,2740.0,3751.0,2792.0,2754.0,3709.0,4938.0,3024.0,6628.0,2788.0,1473.0,2269.0,5593.0,2107.0,3319.0,4111.0,2476.0,2903.0,2968.0,2618.0,2819.0,2467.0
V8,491.0,,2421.0,0.0,1321.0,2097.0,2249.0,0.0,1976.0,2008.0,664.0,2205.0,1195.0,511.0,2249.0,315.0,1337.0,1216.0,1640.0,1420.0,1229.0,69139.0,1285.0,784.0,1312.0,1257.0,4116.0,1078.0,451.0,1268.0,1489.0,1959.0,69139.0,,1676.0,1211.0,741.0,1241.0,1559.0,2069.0,1001.0,1865.0,2652.0,1915.0,3385.0,1157.0,1386.0,1446.0,942.0,1401.0,1936.0,1739.0,1362.0,805.0,1254.0,825.0,841.0,2724.0,1901.0,1193.0,1231.0,1339.0,1121.0,4785.0,673.0,2110.0,1196.0,1158.0,2040.0,3296.0,1084.0,4783.0,1830.0,1441.0,977.0,3747.0,735.0,1379.0,2469.0,439.0,783.0,789.0,346.0,699.0,226.0
V9,1943.0,,2018.0,1990.0,1976.0,470.0,439.0,1990.0,0.0,152.0,2337.0,2940.0,1036.0,1884.0,439.0,2151.0,2642.0,2660.0,2774.0,2799.0,2031.0,69766.0,1066.0,2044.0,1998.0,1149.0,3398.0,2734.0,1848.0,1101.0,2318.0,206.0,69766.0,,3331.0,2887.0,2417.0,2917.0,2502.0,2804.0,2476.0,1982.0,4364.0,2717.0,4699.0,2439.0,2458.0,2298.0,1411.0,2987.0,568.0,1300.0,3018.0,2460.0,2909.0,2481.0,1785.0,4226.0,2636.0,1783.0,1869.0,1900.0,1827.0,6496.0,2330.0,3424.0,2465.0,2427.0,3405.0,4798.0,2560.0,6285.0,2622.0,1261.0,1941.0,5249.0,1642.0,2855.0,3784.0,2012.0,2439.0,2551.0,2208.0,2355.0,2057.0
V10,1955.0,,1989.0,2002.0,1988.0,587.0,574.0,2002.0,190.0,0.0,2349.0,2952.0,1059.0,1896.0,574.0,2163.0,2641.0,2672.0,2786.0,2822.0,2043.0,69778.0,1078.0,2056.0,2010.0,1158.0,3369.0,2746.0,1860.0,1113.0,2340.0,149.0,69778.0,,3354.0,2924.0,2496.0,2996.0,2514.0,2816.0,2488.0,2005.0,4193.0,2729.0,4722.0,2462.0,2481.0,2297.0,1499.0,3010.0,514.0,1387.0,3030.0,2472.0,2921.0,2493.0,1797.0,4265.0,2648.0,1876.0,1891.0,1923.0,1839.0,6326.0,2342.0,3610.0,2487.0,2449.0,3404.0,4633.0,2572.0,6469.0,2634.0,1273.0,1964.0,5288.0,1654.0,2867.0,3806.0,2024.0,2451.0,2563.0,2220.0,2367.0,2069.0
V11,870.0,,2568.0,665.0,1700.0,2429.0,2628.0,665.0,2311.0,2387.0,0.0,2324.0,1574.0,890.0,2628.0,697.0,1725.0,1000.0,1489.0,1354.0,1385.0,69086.0,1664.0,1030.0,1691.0,1636.0,4264.0,1012.0,830.0,1647.0,1877.0,2267.0,69086.0,,1639.0,1599.0,1129.0,1541.0,1677.0,2188.0,849.0,2244.0,2752.0,2071.0,3319.0,1545.0,1774.0,1834.0,1321.0,1408.0,2315.0,2118.0,1296.0,739.0,1188.0,759.0,960.0,2852.0,2020.0,1572.0,1619.0,1718.0,1500.0,4884.0,1061.0,2044.0,1584.0,1546.0,1974.0,3230.0,933.0,4673.0,1986.0,1660.0,1365.0,3638.0,853.0,1243.0,2403.0,478.0,642.0,991.0,726.0,321.0,747.0
V12,2529.0,,1644.0,2324.0,3195.0,3278.0,2972.0,2324.0,3161.0,3260.0,2427.0,0.0,2756.0,2550.0,2972.0,2347.0,3264.0,1867.0,1534.0,2868.0,1465.0,67341.0,2834.0,2289.0,3217.0,2798.0,3560.0,2824.0,2489.0,2723.0,3417.0,3116.0,67341.0,,3452.0,3139.0,2669.0,3169.0,1639.0,269.0,2293.0,3591.0,3966.0,1168.0,4834.0,3085.0,3314.0,3374.0,2667.0,2850.0,2983.0,3438.0,3108.0,2551.0,3000.0,2571.0,1502.0,4038.0,1014.0,3002.0,3113.0,3148.0,3045.0,4131.0,2589.0,3558.0,3124.0,3086.0,3489.0,4745.0,1798.0,6096.0,1643.0,2040.0,2904.0,5061.0,1895.0,2705.0,3918.0,2103.0,2529.0,2765.0,2385.0,2446.0,2346.0
V13,1214.0,,1840.0,1261.0,1267.0,1210.0,1362.0,1261.0,1092.0,1150.0,1732.0,2842.0,0.0,1155.0,1362.0,1422.0,1806.0,2284.0,2676.0,1987.0,1932.0,69668.0,179.0,1315.0,1285.0,245.0,3221.0,2146.0,1119.0,345.0,1506.0,1072.0,69668.0,,2519.0,2089.0,1661.0,2161.0,2404.0,2706.0,2069.0,1170.0,3359.0,2619.0,4051.0,1627.0,1646.0,1463.0,665.0,2175.0,1048.0,1053.0,2430.0,1873.0,2322.0,1893.0,1686.0,3430.0,2538.0,1041.0,1057.0,1088.0,1138.0,5700.0,1600.0,2776.0,1653.0,1615.0,2569.0,3798.0,2152.0,5489.0,2524.0,1163.0,1129.0,4453.0,1544.0,2447.0,2971.0,1479.0,1851.0,1829.0,1478.0,1767.0,1328.0
V14,125.0,,2638.0,622.0,1282.0,2058.0,2211.0,622.0,1938.0,1969.0,1093.0,2634.0,1157.0,0.0,2211.0,783.0,1621.0,1646.0,2069.0,1815.0,1471.0,69395.0,1247.0,669.0,1274.0,1218.0,4069.0,1507.0,276.0,1230.0,1803.0,1921.0,69568.0,,1960.0,1496.0,1026.0,1526.0,1988.0,2498.0,1430.0,1827.0,3082.0,2157.0,3715.0,1441.0,1671.0,1760.0,903.0,1830.0,1897.0,1700.0,1791.0,1234.0,1683.0,1254.0,1270.0,3153.0,2330.0,1154.0,1237.0,1301.0,1082.0,5423.0,537.0,2440.0,1480.0,1442.0,2397.0,3626.0,1513.0,5358.0,2072.0,1403.0,1261.0,4176.0,940.0,1809.0,2799.0,840.0,1212.0,1100.0,840.0,1129.0,689.0
V15,2353.0,,1750.0,2401.0,2407.0,941.0,0.0,2401.0,486.0,565.0,2872.0,3105.0,1363.0,2294.0,0.0,2562.0,2946.0,3125.0,2874.0,3127.0,2355.0,69932.0,1453.0,2454.0,2424.0,1463.0,3130.0,3198.0,2258.0,1563.0,2645.0,633.0,69932.0,,3659.0,3229.0,2800.0,3300.0,2678.0,2968.0,2940.0,2309.0,4498.0,2898.0,5027.0,2766.0,2786.0,2602.0,1804.0,3315.0,566.0,1727.0,3482.0,2924.0,3373.0,2945.0,2249.0,4808.0,2802.0,2180.0,2196.0,2227.0,2277.0,6630.0,2740.0,3915.0,2792.0,2754.0,3709.0,4938.0,3024.0,6628.0,2788.0,1473.0,2269.0,5593.0,2107.0,3319.0,4111.0,2476.0,2903.0,2968.0,2618.0,2819.0,2467.0
V16,540.0,,2449.0,273.0,1370.0,2145.0,2298.0,273.0,2025.0,2056.0,664.0,2205.0,1244.0,560.0,2298.0,0.0,1395.0,1216.0,1640.0,1420.0,1266.0,69139.0,1334.0,762.0,1361.0,1306.0,4145.0,1078.0,500.0,1317.0,1547.0,2008.0,69139.0,,1705.0,1269.0,799.0,1299.0,1558.0,2069.0,1001.0,1914.0,2652.0,1952.0,3385.0,1215.0,1444.0,1504.0,991.0,1401.0,1985.0,1788.0,1362.0,804.0,1254.0,825.0,841.0,2724.0,1901.0,1242.0,1289.0,1388.0,1170.0,4785.0,731.0,2109.0,1254.0,1216.0,2040.0,3296.0,1084.0,4782.0,1867.0,1490.0,1035.0,3747.0,735.0,1379.0,2469.0,464.0,783.0,774.0,379.0,699.0,50.0
V17,1630.0,,3313.0,1556.0,1536.0,2682.0,2835.0,1556.0,2565.0,2622.0,2056.0,3335.0,1781.0,1532.0,2835.0,1548.0,0.0,2249.0,2737.0,1185.0,2229.0,70153.0,1871.0,1642.0,1528.0,1880.0,4693.0,1653.0,1471.0,1969.0,1294.0,2545.0,70153.0,,1671.0,1437.0,1025.0,1525.0,2688.0,3199.0,2198.0,1848.0,2556.0,2915.0,3249.0,472.0,931.0,1352.0,1749.0,1373.0,2521.0,2345.0,2244.0,1753.0,1935.0,1667.0,1971.0,2628.0,3031.0,1493.0,1236.0,1305.0,1630.0,4688.0,1284.0,1809.0,411.0,830.0,1767.0,2996.0,2182.0,4686.0,2830.0,2170.0,799.0,3651.0,1698.0,1789.0,2169.0,1802.0,2193.0,1754.0,1830.0,2207.0,1560.0
V18,1412.0,,2814.0,1207.0,2242.0,2881.0,3088.0,1207.0,2763.0,2830.0,1096.0,1930.0,2116.0,1433.0,3088.0,1230.0,2267.0,0.0,790.0,1293.0,1571.0,68387.0,2206.0,1475.0,2233.0,2178.0,4715.0,1175.0,1372.0,2189.0,2419.0,2718.0,68387.0,,2109.0,2141.0,1672.0,2171.0,1078.0,1794.0,718.0,2786.0,2480.0,2154.0,3259.0,2087.0,2316.0,2376.0,1863.0,1347.0,2775.0,2660.0,1653.0,1359.0,1696.0,1273.0,1378.0,2405.0,1403.0,2114.0,2161.0,2260.0,2042.0,4585.0,1603.0,1983.0,2093.0,2088.0,1914.0,3170.0,234.0,4463.0,2068.0,2112.0,1907.0,3575.0,1291.0,1129.0,2343.0,1075.0,1147.0,1552.0,1268.0,957.0,1229.0
V19,1991.0,,2485.0,1786.0,2821.0,3055.0,2840.0,1786.0,2938.0,3005.0,1691.0,1601.0,2533.0,2012.0,2840.0,1809.0,2866.0,888.0,0.0,1889.0,1241.0,68058.0,2611.0,2055.0,2812.0,2575.0,4401.0,1771.0,1951.0,2499.0,2998.0,2893.0,68058.0,,2705.0,2720.0,2250.0,2735.0,389.0,1465.0,1314.0,3368.0,2987.0,1825.0,3854.0,2666.0,2895.0,2955.0,2444.0,1870.0,2850.0,3215.0,2249.0,1955.0,2292.0,1869.0,1221.0,3058.0,1074.0,2693.0,2740.0,2839.0,2621.0,4848.0,2182.0,2579.0,2689.0,2667.0,2509.0,3766.0,819.0,5117.0,1739.0,1816.0,2486.0,4228.0,1668.0,1725.0,2939.0,1654.0,1743.0,2148.0,1847.0,1553.0,1808.0
V20,1883.0,,3501.0,1678.0,1811.0,2957.0,3110.0,1678.0,2840.0,2898.0,1580.0,2967.0,2056.0,1904.0,3110.0,1701.0,1267.0,1339.0,1828.0,0.0,2303.0,69425.0,2146.0,1956.0,1803.0,2155.0,4968.0,743.0,1843.0,2244.0,1586.0,2820.0,69425.0,,1490.0,1630.0,1313.0,1639.0,2115.0,2831.0,1288.0,2123.0,1665.0,2990.0,2291.0,1250.0,1479.0,1543.0,2024.0,446.0,2796.0,2620.0,1334.0,843.0,1150.0,757.0,1832.0,1736.0,2441.0,1768.0,1512.0,1580.0,1905.0,3797.0,1572.0,1016.0,1090.0,1221.0,906.0,2202.0,1272.0,3795.0,2904.0,2445.0,1074.0,2969.0,1772.0,879.0,1375.0,1530.0,1283.0,1333.0,1577.0,1420.0,1700.0
V21,1523.0,,1981.0,1347.0,2256.0,2326.0,2193.0,1347.0,2209.0,2276.0,1500.0,1540.0,1805.0,1538.0,2193.0,1314.0,2176.0,1641.0,1227.0,2187.0,0.0,68366.0,1882.0,1201.0,2277.0,1821.0,3836.0,1897.0,1502.0,1745.0,2328.0,2164.0,68366.0,,2515.0,2050.0,1580.0,2080.0,895.0,1404.0,1645.0,2614.0,3323.0,1128.0,4152.0,1996.0,2225.0,2285.0,1727.0,2169.0,2204.0,2461.0,2181.0,1624.0,2073.0,1644.0,823.0,3395.0,1236.0,2062.0,2070.0,2208.0,2106.0,5156.0,1500.0,2877.0,2035.0,1997.0,2808.0,4064.0,1572.0,5599.0,1043.0,1170.0,1816.0,4418.0,806.0,2023.0,3237.0,1176.0,1602.0,1715.0,1465.0,1519.0,1334.0
V22,69940.0,,69064.0,69687.0,70523.0,70606.0,70392.0,69687.0,70489.0,70556.0,69678.0,67864.0,70084.0,69912.0,70392.0,69709.0,70592.0,68874.0,68541.0,69876.0,68793.0,0.0,70162.0,69617.0,70545.0,70126.0,70555.0,69757.0,69852.0,70050.0,70745.0,70444.0,0.0,,70691.0,70467.0,69997.0,70497.0,68708.0,67865.0,69300.0,70919.0,69769.0,68587.0,71841.0,70413.0,70642.0,70702.0,69995.0,69857.0,70402.0,70766.0,70235.0,69913.0,70278.0,69855.0,68865.0,70340.0,68197.0,70330.0,70441.0,70476.0,70373.0,67230.0,69917.0,70565.0,70452.0,70414.0,70496.0,71752.0,68805.0,68917.0,69063.0,69367.0,70232.0,68470.0,69222.0,69712.0,70925.0,69466.0,69729.0,70134.0,69748.0,69539.0,69709.0
V23,1304.0,,1931.0,1351.0,1358.0,1300.0,1452.0,1351.0,1182.0,1240.0,1822.0,2876.0,188.0,1245.0,1452.0,1513.0,1897.0,2375.0,2710.0,2078.0,1967.0,69702.0,0.0,1405.0,1375.0,135.0,3311.0,2236.0,1209.0,223.0,1596.0,1162.0,69702.0,,2610.0,2179.0,1751.0,2251.0,2438.0,2740.0,2159.0,1260.0,3449.0,2653.0,4141.0,1717.0,1736.0,1553.0,755.0,2266.0,1138.0,1088.0,2520.0,1963.0,2412.0,1983.0,1721.0,3520.0,2572.0,1131.0,1147.0,1178.0,1228.0,5581.0,1691.0,2702.0,1743.0,1705.0,2660.0,3889.0,2243.0,5579.0,2558.0,1197.0,1220.0,4544.0,1578.0,2538.0,3226.0,1569.0,1941.0,1919.0,1569.0,1858.0,1418.0
V24,630.0,,2419.0,798.0,1489.0,2265.0,2418.0,798.0,2144.0,2176.0,1236.0,2333.0,1364.0,579.0,2418.0,824.0,1622.0,1490.0,1958.0,1817.0,1226.0,69151.0,1453.0,0.0,1481.0,1425.0,4114.0,1650.0,544.0,1436.0,1775.0,2128.0,69151.0,,1961.0,1497.0,1027.0,1527.0,1686.0,2196.0,1306.0,2033.0,3194.0,1913.0,3814.0,1443.0,1672.0,1732.0,1110.0,1830.0,2104.0,1907.0,1934.0,1377.0,1758.0,1397.0,969.0,3056.0,2029.0,1361.0,1517.0,1508.0,1289.0,5117.0,947.0,2539.0,1482.0,1444.0,2399.0,3725.0,1390.0,5261.0,1827.0,1510.0,1262.0,4079.0,695.0,1685.0,2801.0,899.0,1355.0,1161.0,911.0,1204.0,781.0
V25,1398.0,,2843.0,1446.0,21.0,2301.0,2453.0,1446.0,2184.0,2241.0,1917.0,3322.0,1399.0,1339.0,2453.0,1607.0,1526.0,2469.0,2893.0,1707.0,2295.0,70148.0,1489.0,1500.0,0.0,1494.0,4312.0,2175.0,1304.0,1506.0,1226.0,2164.0,70148.0,,2239.0,1809.0,1437.0,1937.0,2811.0,3185.0,2254.0,1466.0,3079.0,2981.0,3607.0,1347.0,1366.0,1182.0,1138.0,1895.0,2140.0,1977.0,2615.0,2057.0,2246.0,2078.0,2094.0,3150.0,3018.0,770.0,490.0,824.0,276.0,5211.0,1224.0,2332.0,1372.0,1335.0,2289.0,3518.0,2337.0,5209.0,2896.0,1643.0,849.0,4173.0,1764.0,2311.0,2691.0,1664.0,2036.0,2044.0,1663.0,1952.0,1512.0
V26,1295.0,,1909.0,1342.0,1336.0,1279.0,1431.0,1342.0,1161.0,1219.0,1813.0,2902.0,236.0,1236.0,1431.0,1503.0,1875.0,2366.0,2669.0,2056.0,2023.0,69728.0,124.0,1396.0,1354.0,0.0,3290.0,2227.0,1200.0,182.0,1575.0,1141.0,69728.0,,2588.0,2158.0,1730.0,2230.0,2494.0,2765.0,2150.0,1239.0,3428.0,2710.0,3956.0,1696.0,1715.0,1532.0,746.0,2244.0,1117.0,1015.0,2511.0,1954.0,2403.0,1974.0,1777.0,3499.0,2598.0,1110.0,1126.0,1157.0,1219.0,5560.0,1682.0,2681.0,1721.0,1684.0,2638.0,4031.0,2233.0,5558.0,2583.0,1253.0,1198.0,4522.0,1635.0,2529.0,3040.0,1560.0,1932.0,1910.0,1560.0,1849.0,1409.0
V27,4117.0,,2262.0,4164.0,4170.0,3859.0,3111.0,4164.0,3404.0,3399.0,4439.0,3617.0,3127.0,4057.0,3111.0,4263.0,4710.0,4778.0,4405.0,4890.0,3859.0,69867.0,3217.0,4150.0,4188.0,3226.0,0.0,4836.0,4022.0,3327.0,4409.0,3450.0,69867.0,,5463.0,5000.0,4530.0,5030.0,4294.0,3480.0,4594.0,4073.0,6273.0,3410.0,6790.0,4530.0,4549.0,4366.0,3568.0,5118.0,3121.0,3956.0,5120.0,4562.0,5011.0,4583.0,3943.0,6344.0,3904.0,3944.0,3960.0,3991.0,4041.0,6657.0,4450.0,5515.0,4555.0,4518.0,5472.0,6701.0,4678.0,8403.0,3949.0,3090.0,4032.0,7367.0,3801.0,4973.0,5874.0,4114.0,4541.0,4664.0,4397.0,4457.0,4284.0
V28,1523.0,,3204.0,1319.0,2194.0,3065.0,3273.0,1319.0,2947.0,3014.0,1458.0,2960.0,2227.0,1544.0,3273.0,1341.0,1650.0,1322.0,1810.0,673.0,2021.0,69408.0,2317.0,1684.0,2185.0,2289.0,4900.0,0.0,1483.0,2300.0,1969.0,2903.0,69408.0,,1217.0,1712.0,1696.0,1321.0,2098.0,2824.0,1271.0,2505.0,2115.0,2707.0,2638.0,1633.0,1862.0,1926.0,1974.0,654.0,2959.0,2771.0,902.0,483.0,791.0,397.0,1596.0,1977.0,2423.0,2151.0,1894.0,1963.0,2153.0,4038.0,1748.0,1363.0,1473.0,1604.0,1293.0,2549.0,1255.0,4036.0,2622.0,2296.0,1456.0,3000.0,1489.0,594.0,1722.0,1170.0,924.0,973.0,1217.0,1269.0,1341.0
V29,285.0,,2589.0,545.0,1233.0,2009.0,2162.0,545.0,1888.0,1920.0,1016.0,2557.0,1108.0,209.0,2162.0,706.0,1574.0,1568.0,1992.0,1772.0,1394.0,69318.0,1197.0,566.0,1225.0,1169.0,4020.0,1430.0,0.0,1180.0,1666.0,1872.0,69318.0,,1913.0,1448.0,978.0,1478.0,1911.0,2421.0,1353.0,1777.0,3005.0,2080.0,3668.0,1394.0,1623.0,1623.0,854.0,1753.0,1848.0,1651.0,1714.0,1157.0,1606.0,1177.0,1193.0,3076.0,2253.0,1105.0,1348.0,1252.0,1033.0,5137.0,680.0,2392.0,1433.0,1395.0,2350.0,3579.0,1436.0,5135.0,1995.0,1354.0,1214.0,4099.0,863.0,1732.0,2752.0,763.0,1135.0,1113.0,762.0,1051.0,612.0
V30,1312.0,,1906.0,1360.0,1386.0,1409.0,1561.0,1360.0,1291.0,1349.0,1831.0,2754.0,366.0,1253.0,1561.0,1521.0,2005.0,2383.0,2522.0,2186.0,1813.0,69581.0,223.0,1413.0,1408.0,129.0,3420.0,2244.0,1217.0,0.0,1705.0,1271.0,69581.0,,2718.0,2263.0,1793.0,2293.0,2284.0,2618.0,2167.0,1369.0,3558.0,2500.0,4086.0,1826.0,1845.0,1662.0,711.0,2374.0,1247.0,1145.0,2528.0,1971.0,2420.0,1992.0,1567.0,3629.0,2450.0,1240.0,1256.0,1287.0,1236.0,5690.0,1699.0,2811.0,1851.0,1814.0,2768.0,3997.0,2251.0,5688.0,2436.0,1043.0,1328.0,4862.0,1425.0,2546.0,3170.0,1577.0,1949.0,1927.0,1577.0,1866.0,1426.0
V31,1890.0,,3104.0,1815.0,1327.0,2474.0,2626.0,1815.0,2356.0,2414.0,2403.0,3640.0,1572.0,1825.0,2626.0,1807.0,1226.0,2674.0,3163.0,1610.0,2488.0,70466.0,1662.0,1985.0,1319.0,1671.0,4485.0,2078.0,1789.0,1760.0,0.0,2336.0,70466.0,,2142.0,1768.0,1284.0,1784.0,2947.0,3503.0,2623.0,1639.0,2982.0,3174.0,3510.0,959.0,424.0,180.0,1540.0,1798.0,2312.0,2136.0,2699.0,2178.0,2194.0,2092.0,2230.0,3053.0,3336.0,1284.0,1028.0,1062.0,1421.0,5114.0,1543.0,2235.0,1259.0,1238.0,2192.0,3421.0,2607.0,5112.0,3089.0,1961.0,734.0,4076.0,1957.0,2214.0,2594.0,2149.0,2521.0,2013.0,2089.0,2438.0,1819.0
V32,1853.0,,2074.0,1901.0,1887.0,453.0,596.0,1901.0,212.0,233.0,2247.0,2851.0,1022.0,1794.0,596.0,2062.0,2604.0,2571.0,2684.0,2785.0,1941.0,69677.0,977.0,1955.0,1909.0,1060.0,3454.0,2644.0,1758.0,1012.0,2303.0,0.0,69677.0,,3317.0,2887.0,2327.0,2827.0,2412.0,2714.0,2387.0,1968.0,4156.0,2628.0,4685.0,2425.0,2444.0,2260.0,1321.0,2973.0,599.0,1238.0,2928.0,2371.0,2820.0,2391.0,1695.0,4228.0,2547.0,1693.0,1854.0,1886.0,1737.0,6289.0,2240.0,3410.0,2450.0,2412.0,3367.0,4596.0,2470.0,6287.0,2532.0,1171.0,1927.0,5251.0,1553.0,2765.0,3769.0,1923.0,2349.0,2462.0,2118.0,2266.0,1967.0
V33,69940.0,,69064.0,69687.0,70523.0,70606.0,70392.0,69687.0,70489.0,70556.0,69678.0,67864.0,70084.0,69912.0,70392.0,69709.0,70592.0,68874.0,68541.0,69876.0,68793.0,0.0,70162.0,69617.0,70545.0,70126.0,70318.0,69757.0,69852.0,70050.0,70745.0,70444.0,0.0,,70691.0,70467.0,69997.0,70497.0,68708.0,67865.0,69300.0,70919.0,69769.0,68587.0,71841.0,70413.0,70642.0,70702.0,69995.0,69857.0,70402.0,70766.0,70235.0,69913.0,70278.0,69855.0,68865.0,70340.0,68197.0,70330.0,70441.0,70476.0,70373.0,67230.0,69917.0,70565.0,70452.0,70414.0,70496.0,71752.0,68805.0,68917.0,69063.0,69367.0,70232.0,68470.0,69222.0,69712.0,70925.0,69466.0,69729.0,70134.0,69748.0,69539.0,69709.0
V34,,,,,,,,,,,,,,,,,,,,,,,,,,,,,,,,,,0.0,,,,,,,,,,,,,,,,,,,,,,,,,,,,,,,,,,,,,,,,,,,,,,,,,,,
A1,2079.0,,3801.0,1915.0,2289.0,3435.0,3587.0,1915.0,3317.0,3375.0,2055.0,3556.0,2533.0,1980.0,3587.0,1937.0,1671.0,2103.0,2592.0,1531.0,2617.0,70189.0,2623.0,2091.0,2280.0,2633.0,5496.0,1215.0,1920.0,2721.0,2063.0,3297.0,70189.0,,0.0,680.0,1171.0,720.0,2910.0,3420.0,2053.0,2600.0,2790.0,3304.0,3496.0,1727.0,1956.0,2020.0,2410.0,1512.0,3273.0,3098.0,910.0,1147.0,581.0,955.0,2192.0,2862.0,3205.0,2245.0,1998.0,2058.0,2382.0,4922.0,1732.0,2220.0,1425.0,963.0,2151.0,3407.0,2036.0,4920.0,3218.0,2922.0,1551.0,3885.0,2086.0,1576.0,2580.0,1766.0,1566.0,1612.0,1954.0,1865.0,1937.0
A2,1607.0,,3397.0,1532.0,1805.0,2951.0,3103.0,1532.0,2833.0,2891.0,2032.0,3312.0,2049.0,1508.0,3103.0,1525.0,1423.0,2401.0,2889.0,1542.0,2205.0,70130.0,2139.0,1619.0,1796.0,2149.0,4962.0,1715.0,1448.0,2237.0,1579.0,2813.0,70130.0,,698.0,0.0,699.0,548.0,2665.0,3175.0,2350.0,2116.0,2914.0,2892.0,3442.0,1247.0,1477.0,1536.0,1939.0,1628.0,2789.0,2614.0,1410.0,1508.0,1017.0,1508.0,1948.0,2985.0,3008.0,1761.0,1526.0,1573.0,1898.0,5046.0,1260.0,2167.0,1106.0,690.0,2124.0,3353.0,2333.0,5044.0,2806.0,2438.0,1067.0,4218.0,1674.0,1941.0,2526.0,1779.0,1786.0,1294.0,1530.0,2126.0,1536.0
A3,1092.0,,2882.0,1017.0,1420.0,2557.0,2709.0,1017.0,2439.0,2497.0,1517.0,2796.0,1655.0,1346.0,2709.0,1009.0,1033.0,1954.0,2422.0,1227.0,1690.0,69615.0,1745.0,1104.0,1411.0,1755.0,4568.0,1830.0,933.0,1843.0,1185.0,2419.0,69615.0,,1101.0,669.0,0.0,660.0,2150.0,2660.0,1770.0,1722.0,2598.0,2377.0,3127.0,853.0,1082.0,1142.0,1423.0,1415.0,2395.0,2220.0,1575.0,1452.0,1164.0,1482.0,1432.0,2670.0,2492.0,1367.0,985.0,1268.0,1513.0,4730.0,745.0,2015.0,892.0,854.0,1809.0,3038.0,1853.0,4728.0,2291.0,1923.0,673.0,3693.0,1159.0,1896.0,2211.0,1264.0,1730.0,1200.0,1291.0,1552.0,1021.0
A4,1579.0,,3370.0,1594.0,1907.0,3044.0,3197.0,1594.0,2927.0,2985.0,1872.0,3344.0,2143.0,1481.0,3197.0,1497.0,1521.0,2221.0,2710.0,1645.0,2178.0,70102.0,2233.0,1591.0,1899.0,2242.0,5055.0,1333.0,1420.0,2331.0,1673.0,2907.0,70102.0,,681.0,528.0,636.0,0.0,2698.0,3208.0,2110.0,2210.0,3117.0,2864.0,3610.0,1341.0,1570.0,1630.0,1911.0,1626.0,2883.0,2707.0,1028.0,1034.0,613.0,1056.0,1980.0,2979.0,3040.0,1855.0,1473.0,1756.0,2001.0,5250.0,1233.0,2335.0,1380.0,1077.0,2265.0,3522.0,2154.0,5038.0,2779.0,2411.0,1161.0,4003.0,1647.0,1693.0,2695.0,1554.0,1312.0,917.0,1310.0,1653.0,1663.0
A5,1989.0,,2461.0,1784.0,2756.0,2839.0,2623.0,1784.0,2721.0,2788.0,1887.0,1630.0,2317.0,2009.0,2623.0,1807.0,2771.0,1100.0,331.0,2101.0,970.0,68133.0,2394.0,1796.0,2810.0,2358.0,4266.0,1983.0,1949.0,2283.0,2923.0,2676.0,68133.0,,2912.0,2646.0,2176.0,2676.0,0.0,1494.0,1526.0,3152.0,3199.0,1608.0,4067.0,2591.0,2821.0,2880.0,2227.0,2083.0,2634.0,2998.0,2461.0,2011.0,2460.0,2031.0,962.0,3271.0,1159.0,2562.0,2665.0,2708.0,2619.0,4922.0,2095.0,2791.0,2630.0,2592.0,2722.0,3978.0,1031.0,5329.0,1522.0,1600.0,2411.0,4294.0,1409.0,1937.0,3151.0,1563.0,1989.0,2225.0,1845.0,1765.0,1806.0
A6,2375.0,,1490.0,2170.0,3041.0,3124.0,2818.0,2170.0,3007.0,3106.0,2273.0,261.0,2602.0,2395.0,2818.0,2193.0,3110.0,1713.0,1380.0,2714.0,1311.0,67425.0,2680.0,2135.0,3063.0,2644.0,3406.0,2670.0,2335.0,2568.0,3263.0,2962.0,67425.0,,3298.0,2985.0,2515.0,3015.0,1484.0,0.0,2139.0,3437.0,3812.0,1013.0,4679.0,2931.0,3160.0,3219.0,2513.0,2695.0,2828.0,3284.0,2954.0,2397.0,2846.0,2417.0,1348.0,4059.0,860.0,2847.0,2959.0,2994.0,2891.0,4215.0,2435.0,3404.0,2970.0,2932.0,3334.0,4591.0,1644.0,5942.0,1489.0,1885.0,2750.0,4907.0,1740.0,2550.0,3764.0,1949.0,2375.0,2610.0,2231.0,2292.0,2192.0
A7,1208.0,,2822.0,1003.0,2038.0,2683.0,2890.0,1003.0,2565.0,2632.0,908.0,2365.0,1912.0,1228.0,2890.0,1026.0,2063.0,737.0,1226.0,1283.0,1624.0,68823.0,2002.0,1276.0,2029.0,1974.0,4517.0,1165.0,1168.0,1985.0,2215.0,2520.0,68823.0,,2098.0,1937.0,1467.0,1952.0,1513.0,2229.0,0.0,2582.0,2427.0,2311.0,3248.0,1883.0,2112.0,2172.0,1658.0,1264.0,2577.0,2456.0,1643.0,1149.0,1598.0,1170.0,1153.0,2499.0,1839.0,1910.0,1957.0,2056.0,1837.0,4559.0,1399.0,1973.0,1922.0,1884.0,1903.0,3159.0,670.0,4557.0,2225.0,1913.0,1702.0,3522.0,1093.0,1119.0,2332.0,871.0,892.0,1365.0,1064.0,769.0,1025.0
A8,1841.0,,2701.0,1888.0,1401.0,2071.0,2223.0,1888.0,1953.0,2011.0,2360.0,3597.0,1169.0,1782.0,2223.0,2050.0,1940.0,2912.0,3364.0,2121.0,2693.0,70423.0,1259.0,1942.0,1418.0,1268.0,4082.0,2589.0,1746.0,1357.0,1639.0,1933.0,70423.0,,2653.0,2222.0,1794.0,2294.0,3168.0,3460.0,2696.0,0.0,3701.0,3380.0,4020.0,1760.0,1779.0,1596.0,1426.0,2309.0,1909.0,1427.0,3209.0,2500.0,2705.0,2520.0,2447.0,3563.0,3293.0,1161.0,1190.0,1061.0,1461.0,5624.0,2001.0,2745.0,1786.0,1748.0,2703.0,3932.0,2780.0,5622.0,3279.0,1918.0,1263.0,4587.0,2206.0,2725.0,3105.0,2106.0,2478.0,2456.0,2106.0,2395.0,1955.0
A9,3041.0,,4656.0,2837.0,3165.0,4312.0,4464.0,2837.0,4194.0,4252.0,2735.0,4091.0,3410.0,3062.0,4464.0,2859.0,2621.0,2384.0,2951.0,1722.0,3458.0,69152.0,3500.0,3110.0,3157.0,3509.0,6351.0,2002.0,3002.0,3598.0,2940.0,4174.0,69152.0,,2835.0,2984.0,2667.0,2939.0,3239.0,3955.0,2448.0,3477.0,0.0,4144.0,3645.0,2604.0,2833.0,2897.0,3378.0,2001.0,4150.0,3974.0,2592.0,2101.0,2409.0,2015.0,2986.0,1505.0,3564.0,3122.0,2866.0,2934.0,3259.0,2882.0,2926.0,2370.0,2444.0,2575.0,1905.0,3556.0,2396.0,2880.0,4059.0,3747.0,2428.0,1844.0,2927.0,2030.0,2729.0,2704.0,2559.0,2591.0,2835.0,2574.0,2859.0
A10,2272.0,,1440.0,2096.0,2988.0,3075.0,2768.0,2096.0,2957.0,3024.0,2249.0,1198.0,2553.0,2286.0,2768.0,2062.0,2924.0,2319.0,1986.0,2936.0,1125.0,68119.0,2630.0,1949.0,3010.0,2569.0,3356.0,2646.0,2251.0,2494.0,3077.0,2913.0,68119.0,,3263.0,2799.0,2329.0,2829.0,1803.0,1061.0,2393.0,3363.0,4072.0,0.0,4901.0,2745.0,2974.0,3033.0,2460.0,2917.0,2778.0,3209.0,2930.0,2372.0,2821.0,2393.0,1610.0,4143.0,1485.0,2795.0,2819.0,2941.0,2838.0,4908.0,2249.0,3626.0,2784.0,2746.0,3556.0,4812.0,2250.0,6202.0,1109.0,1832.0,2564.0,5166.0,1554.0,2772.0,3985.0,1924.0,2351.0,2463.0,2213.0,2267.0,2082.0
A11,3852.0,,5470.0,3647.0,3867.0,5013.0,5165.0,3647.0,4895.0,4953.0,3549.0,4936.0,4111.0,3872.0,5165.0,3669.0,3322.0,3307.0,3796.0,2283.0,4272.0,71393.0,4201.0,3924.0,3858.0,4211.0,7165.0,2712.0,3812.0,4299.0,3641.0,4875.0,71393.0,,3459.0,3644.0,3369.0,3607.0,4084.0,4799.0,3257.0,4178.0,3654.0,4958.0,0.0,3305.0,3534.0,3598.0,4079.0,2432.0,4852.0,4676.0,3303.0,2812.0,3119.0,2725.0,3800.0,3726.0,4409.0,3823.0,3567.0,3636.0,3960.0,5786.0,3628.0,1879.0,3145.0,3276.0,2389.0,2300.0,3240.0,5930.0,4873.0,4500.0,3129.0,4749.0,3741.0,2848.0,1724.0,3498.0,3252.0,3302.0,3545.0,3388.0,3669.0
A12,1499.0,,3182.0,1424.0,1405.0,2551.0,2703.0,1424.0,2433.0,2491.0,1924.0,3204.0,1649.0,1400.0,2703.0,1417.0,472.0,2281.0,2770.0,1217.0,2097.0,70022.0,1739.0,1511.0,1396.0,1749.0,4562.0,1685.0,1340.0,1837.0,956.0,2413.0,70022.0,,1753.0,1322.0,893.0,1393.0,2557.0,3067.0,2230.0,1716.0,2589.0,2784.0,3117.0,0.0,593.0,1014.0,1617.0,1405.0,2390.0,2214.0,2308.0,1785.0,1804.0,1699.0,1840.0,2660.0,2900.0,1361.0,1105.0,1174.0,1498.0,4721.0,1152.0,1842.0,658.0,845.0,1799.0,3028.0,2214.0,4864.0,2698.0,2038.0,667.0,3683.0,1566.0,1821.0,2201.0,1671.0,2194.0,1623.0,1699.0,1960.0,1428.0
A13,1654.0,,3218.0,1580.0,1441.0,2587.0,2739.0,1580.0,2470.0,2527.0,2080.0,3359.0,1685.0,1556.0,2739.0,1572.0,920.0,2437.0,2925.0,1373.0,2253.0,70177.0,1775.0,1666.0,1432.0,1785.0,4598.0,1841.0,1495.0,1874.0,431.0,2450.0,70177.0,,1909.0,1477.0,1049.0,1549.0,2712.0,3222.0,2386.0,1752.0,2744.0,2939.0,3272.0,576.0,0.0,489.0,1654.0,1561.0,2426.0,2250.0,2464.0,1941.0,1959.0,1854.0,1995.0,2815.0,3055.0,1398.0,1141.0,1238.0,1534.0,4876.0,1308.0,1997.0,1035.0,1000.0,1955.0,3184.0,2369.0,4874.0,2854.0,2074.0,852.0,4048.0,1722.0,1977.0,2357.0,1826.0,2350.0,1778.0,1854.0,2115.0,1583.0
A14,1949.0,,3164.0,1874.0,1387.0,2533.0,2685.0,1874.0,2415.0,2473.0,2462.0,3699.0,1631.0,1884.0,2685.0,2023.0,1495.0,2734.0,3222.0,1670.0,2547.0,70526.0,1721.0,2045.0,1378.0,1731.0,4544.0,2138.0,1849.0,1819.0,284.0,2395.0,70526.0,,2202.0,1772.0,1343.0,1843.0,3007.0,3563.0,2683.0,1776.0,3041.0,3234.0,3570.0,1152.0,653.0,0.0,1599.0,1858.0,2372.0,2196.0,2758.0,2238.0,2254.0,2152.0,2290.0,3113.0,3395.0,1344.0,1087.0,1123.0,1480.0,5173.0,1602.0,2294.0,1335.0,1297.0,2252.0,3481.0,2666.0,5171.0,3148.0,2020.0,891.0,4136.0,2016.0,2274.0,2654.0,2209.0,2581.0,2073.0,2149.0,2497.0,1878.0
A15,984.0,,2221.0,1031.0,1058.0,1631.0,1784.0,1031.0,1511.0,1542.0,1502.0,2649.0,730.0,925.0,1784.0,1193.0,1725.0,2055.0,2416.0,1906.0,1745.0,69475.0,832.0,1085.0,1080.0,708.0,3643.0,1916.0,889.0,706.0,1425.0,1494.0,69475.0,,2399.0,1935.0,1465.0,1965.0,2220.0,2513.0,1839.0,1430.0,3278.0,2432.0,3806.0,1546.0,1565.0,1381.0,0.0,2094.0,1470.0,1274.0,2200.0,1643.0,2092.0,1663.0,1499.0,3349.0,2345.0,923.0,976.0,1011.0,876.0,5410.0,1371.0,2695.0,1571.0,1534.0,2488.0,3717.0,1923.0,5408.0,2331.0,970.0,1048.0,4372.0,1357.0,2218.0,2890.0,1249.0,1621.0,1599.0,1249.0,1538.0,1098.0
A16,1891.0,,3509.0,1686.0,1972.0,3118.0,3271.0,1686.0,3001.0,3058.0,1588.0,2975.0,2217.0,1911.0,3271.0,1709.0,1428.0,1347.0,1835.0,409.0,2311.0,69433.0,2307.0,1963.0,1964.0,2316.0,5204.0,751.0,1851.0,2405.0,1747.0,2981.0,69433.0,,1498.0,1658.0,1474.0,1646.0,2123.0,2839.0,1296.0,2283.0,1945.0,2998.0,2416.0,1411.0,1640.0,1704.0,2185.0,0.0,2957.0,2781.0,1342.0,851.0,1158.0,765.0,1840.0,2016.0,2448.0,1929.0,1672.0,1741.0,2066.0,4077.0,1733.0,1141.0,1251.0,1382.0,1071.0,2328.0,1280.0,4221.0,2912.0,2605.0,1234.0,3040.0,1780.0,832.0,1501.0,1538.0,1291.0,1341.0,1584.0,1427.0,1708.0
A17,2012.0,,1724.0,2059.0,2065.0,970.0,525.0,2059.0,515.0,510.0,2530.0,3078.0,1022.0,1952.0,525.0,2220.0,2604.0,2961.0,2847.0,2785.0,2331.0,69906.0,1112.0,2113.0,2083.0,1121.0,3104.0,2944.0,1917.0,1221.0,2304.0,561.0,69906.0,,3317.0,2887.0,2459.0,2959.0,2651.0,2942.0,2776.0,1968.0,4366.0,2872.0,4685.0,2425.0,2444.0,2260.0,1462.0,2973.0,0.0,1746.0,3228.0,2671.0,3120.0,2691.0,2085.0,4228.0,2776.0,1839.0,1855.0,1886.0,1936.0,6289.0,2398.0,3410.0,2450.0,2413.0,3367.0,4596.0,2860.0,6287.0,2762.0,1446.0,1927.0,5251.0,1943.0,3155.0,3933.0,2277.0,2649.0,2627.0,2276.0,2565.0,2125.0
A18,1804.0,,2562.0,1851.0,1868.0,1396.0,1670.0,1851.0,1275.0,1307.0,2322.0,3563.0,1030.0,1744.0,1670.0,2012.0,2407.0,2874.0,3298.0,2588.0,2654.0,70307.0,1075.0,1905.0,1885.0,1040.0,3943.0,2736.0,1709.0,1129.0,2106.0,1233.0,70307.0,,3120.0,2689.0,2284.0,2784.0,3134.0,3345.0,2659.0,1399.0,3959.0,3341.0,4487.0,2227.0,2246.0,2063.0,1254.0,2776.0,1751.0,0.0,3020.0,2463.0,2912.0,2483.0,2408.0,4030.0,3259.0,1641.0,1657.0,1688.0,1728.0,6091.0,2190.0,3376.0,2253.0,2215.0,3170.0,4399.0,2742.0,6089.0,3245.0,1884.0,1730.0,5054.0,2169.0,3037.0,3572.0,2069.0,2441.0,2419.0,2068.0,2357.0,1917.0
A19,1710.0,,3392.0,1506.0,2540.0,3252.0,3460.0,1506.0,3135.0,3202.0,1645.0,3147.0,2415.0,1731.0,3460.0,1528.0,2001.0,1452.0,1941.0,1024.0,2208.0,69538.0,2505.0,1871.0,2532.0,2476.0,5087.0,669.0,1671.0,2487.0,2320.0,3090.0,69538.0,,927.0,1422.0,1562.0,1031.0,2228.0,3011.0,1401.0,2857.0,2257.0,2894.0,2990.0,1984.0,2213.0,2277.0,2161.0,1006.0,3146.0,2958.0,0.0,671.0,725.0,584.0,1783.0,2329.0,2554.0,2412.0,2400.0,2314.0,2340.0,4389.0,1935.0,1714.0,1824.0,1706.0,1645.0,2901.0,1385.0,4387.0,2809.0,2483.0,1808.0,3352.0,1677.0,1048.0,2074.0,1357.0,1111.0,1160.0,1404.0,1456.0,1528.0
A20,1215.0,,2896.0,1011.0,2045.0,2757.0,2965.0,1011.0,2640.0,2707.0,1150.0,2652.0,1920.0,1236.0,2965.0,1033.0,1858.0,1366.0,1855.0,882.0,1713.0,69452.0,2009.0,1376.0,2037.0,1981.0,4592.0,540.0,1175.0,1992.0,2191.0,2595.0,69452.0,,1119.0,1475.0,1403.0,1015.0,2006.0,2516.0,1318.0,2589.0,2114.0,2399.0,2847.0,1859.0,2088.0,2147.0,1666.0,935.0,2651.0,2463.0,824.0,0.0,568.0,287.0,1288.0,2186.0,2348.0,1917.0,1933.0,2064.0,1845.0,4456.0,1296.0,1571.0,1681.0,1851.0,1502.0,2758.0,1299.0,4244.0,2314.0,1988.0,1678.0,3209.0,1182.0,900.0,1931.0,862.0,557.0,753.0,909.0,961.0,1033.0
A21,1672.0,,3353.0,1468.0,2240.0,3214.0,3422.0,1468.0,3096.0,3164.0,1607.0,3109.0,2376.0,1693.0,3422.0,1490.0,1956.0,1714.0,2203.0,1168.0,2170.0,69800.0,2466.0,1833.0,2231.0,2438.0,5049.0,826.0,1632.0,2449.0,2109.0,3052.0,69800.0,,652.0,1059.0,1152.0,620.0,2462.0,2973.0,1664.0,2645.0,2401.0,2856.0,3133.0,1777.0,2006.0,2066.0,2123.0,1149.0,3108.0,2920.0,803.0,585.0,0.0,538.0,1745.0,2472.0,2805.0,2291.0,1806.0,2103.0,2338.0,4533.0,1496.0,1858.0,1856.0,1394.0,1788.0,3045.0,1647.0,4531.0,2771.0,2445.0,1596.0,3705.0,1639.0,1187.0,2218.0,1319.0,1003.0,1044.0,1366.0,1418.0,1490.0
A22,1240.0,,2921.0,1035.0,2070.0,2782.0,2989.0,1035.0,2664.0,2731.0,1175.0,2677.0,1944.0,1260.0,2989.0,1058.0,1764.0,1283.0,1771.0,787.0,1737.0,69368.0,2034.0,1400.0,2061.0,2006.0,4616.0,445.0,1200.0,2017.0,2083.0,2619.0,69368.0,,966.0,1461.0,1470.0,1064.0,2030.0,2540.0,1232.0,2614.0,2020.0,2424.0,2752.0,1747.0,1976.0,2040.0,1690.0,768.0,2675.0,2488.0,740.0,200.0,558.0,0.0,1313.0,2091.0,2373.0,1942.0,1989.0,2077.0,1869.0,4152.0,1464.0,1477.0,1587.0,1744.0,1407.0,2663.0,1215.0,4150.0,2338.0,2012.0,1570.0,3114.0,1206.0,805.0,1836.0,887.0,640.0,690.0,933.0,985.0,1057.0
A23,1178.0,,2242.0,974.0,2008.0,2099.0,2307.0,974.0,1982.0,2049.0,1077.0,1562.0,1577.0,1199.0,2307.0,996.0,1961.0,1394.0,1187.0,1701.0,791.0,68495.0,1655.0,985.0,2000.0,1593.0,3938.0,1474.0,1139.0,1518.0,2113.0,1937.0,68495.0,,2101.0,1835.0,1365.0,1865.0,915.0,1425.0,1159.0,2387.0,2837.0,1564.0,3666.0,1781.0,2010.0,2070.0,1500.0,1682.0,1993.0,2233.0,1758.0,1200.0,1649.0,1221.0,0.0,2909.0,1258.0,1835.0,1855.0,1981.0,1808.0,4969.0,1285.0,2391.0,1820.0,1782.0,2321.0,3578.0,1239.0,4967.0,1478.0,1330.0,1600.0,3932.0,598.0,1537.0,2751.0,752.0,1179.0,1414.0,1035.0,1095.0,996.0
A24,3054.0,,4668.0,2850.0,3178.0,4324.0,4477.0,2850.0,4207.0,4264.0,2748.0,4108.0,3423.0,3075.0,4477.0,2872.0,2634.0,2401.0,2969.0,1735.0,3470.0,69794.0,3513.0,3123.0,3170.0,3522.0,6364.0,2014.0,3014.0,3611.0,2953.0,4187.0,69794.0,,2848.0,2996.0,2680.0,2952.0,3256.0,3972.0,2461.0,3490.0,1391.0,4157.0,3658.0,2617.0,2846.0,2910.0,3391.0,2013.0,4163.0,3987.0,2605.0,2114.0,2422.0,2028.0,2999.0,0.0,3582.0,3135.0,2878.0,2947.0,3272.0,3523.0,2939.0,2382.0,2457.0,2588.0,1918.0,3569.0,2413.0,3040.0,4071.0,3760.0,2441.0,2486.0,2939.0,2043.0,2742.0,2717.0,2571.0,2604.0,2848.0,2587.0,2872.0
A25,2284.0,,2035.0,2080.0,2950.0,3034.0,2818.0,2080.0,2916.0,2983.0,2183.0,1142.0,2512.0,2305.0,2818.0,2102.0,3020.0,1384.0,1050.0,2385.0,1221.0,67693.0,2589.0,2044.0,2972.0,2553.0,3951.0,2266.0,2244.0,2478.0,3172.0,2871.0,67693.0,,3200.0,2894.0,2424.0,2924.0,1204.0,1005.0,1810.0,3347.0,3482.0,1648.0,4350.0,2840.0,3069.0,3129.0,2422.0,2366.0,2829.0,3193.0,2745.0,2306.0,2755.0,2327.0,1257.0,3554.0,0.0,2757.0,2868.0,2903.0,2801.0,4483.0,2344.0,3074.0,2879.0,2841.0,3005.0,4261.0,1315.0,5612.0,1845.0,1795.0,2660.0,4724.0,1650.0,2221.0,3434.0,1858.0,2285.0,2520.0,2141.0,2048.0,2102.0
A26,1187.0,,2463.0,1234.0,756.0,1974.0,2127.0,1234.0,1857.0,1914.0,1705.0,2942.0,1073.0,1127.0,2127.0,1395.0,1538.0,2257.0,2710.0,1719.0,2098.0,69768.0,1163.0,1288.0,774.0,1172.0,3985.0,2119.0,1092.0,1261.0,1238.0,1837.0,69768.0,,2251.0,1821.0,1393.0,1893.0,2573.0,2806.0,2042.0,1148.0,3091.0,2725.0,3619.0,1359.0,1378.0,1194.0,922.0,1907.0,1813.0,1637.0,2403.0,1845.0,2303.0,1866.0,1792.0,3162.0,2638.0,0.0,778.0,820.0,774.0,5223.0,1589.0,2508.0,1384.0,1347.0,2301.0,3530.0,2125.0,5221.0,2624.0,1263.0,861.0,4185.0,1551.0,2389.0,2703.0,1452.0,1824.0,1801.0,1451.0,1740.0,1300.0
A27,1263.0,,2696.0,1541.0,478.0,2066.0,2218.0,1541.0,1948.0,2006.0,2013.0,3232.0,1164.0,1443.0,2218.0,1510.0,1330.0,2565.0,2922.0,1511.0,2190.0,70058.0,1254.0,1595.0,470.0,1264.0,4077.0,1979.0,1409.0,1352.0,1029.0,1928.0,70058.0,,1985.0,1554.0,1036.0,1536.0,2650.0,3096.0,2349.0,1231.0,2882.0,2877.0,3411.0,1151.0,1170.0,986.0,1132.0,1699.0,1904.0,1728.0,2451.0,2003.0,1853.0,2106.0,1933.0,2954.0,2928.0,896.0,0.0,668.0,572.0,5014.0,1004.0,2135.0,1176.0,1138.0,2093.0,3322.0,2433.0,5012.0,2791.0,1553.0,653.0,3977.0,1659.0,2115.0,2495.0,1759.0,2131.0,1716.0,1792.0,2048.0,1608.0
A28,1426.0,,2626.0,1473.0,797.0,1995.0,2148.0,1473.0,1878.0,1936.0,1944.0,3182.0,1094.0,1367.0,2148.0,1634.0,1391.0,2497.0,2949.0,1572.0,2278.0,70008.0,1184.0,1527.0,815.0,1193.0,4006.0,2040.0,1331.0,1282.0,1020.0,1858.0,70008.0,,2104.0,1674.0,1246.0,1746.0,2753.0,3045.0,2281.0,1068.0,2943.0,2965.0,3472.0,1211.0,1248.0,992.0,1082.0,1760.0,1834.0,1658.0,2660.0,2085.0,2155.0,2053.0,2032.0,3015.0,2878.0,798.0,637.0,0.0,933.0,5075.0,1448.0,2196.0,1237.0,1199.0,2154.0,3383.0,2364.0,5073.0,2863.0,1502.0,714.0,4038.0,1791.0,2176.0,2719.0,1691.0,2063.0,1975.0,1691.0,1980.0,1540.0
A29,1258.0,,2592.0,1248.0,313.0,2083.0,2236.0,1248.0,1963.0,1994.0,1719.0,3071.0,1182.0,1142.0,2236.0,1409.0,1645.0,2272.0,2695.0,1826.0,2097.0,69897.0,1272.0,1302.0,304.0,1244.0,4095.0,2133.0,1106.0,1255.0,1344.0,1946.0,69897.0,,2358.0,1927.0,1555.0,2055.0,2614.0,2935.0,2056.0,1525.0,3407.0,2784.0,3725.0,1465.0,1484.0,1301.0,887.0,2014.0,1922.0,1726.0,2417.0,1860.0,2358.0,1880.0,1896.0,3269.0,2767.0,744.0,608.0,878.0,0.0,5539.0,1077.0,2450.0,1491.0,1453.0,2408.0,3801.0,2139.0,5327.0,2753.0,1392.0,968.0,4292.0,1566.0,2435.0,2810.0,1466.0,1838.0,1896.0,1466.0,1755.0,1315.0
A30,5192.0,,5332.0,4988.0,5316.0,6462.0,6614.0,4988.0,6345.0,6402.0,4885.0,4132.0,5560.0,5213.0,6614.0,5010.0,4772.0,4528.0,5096.0,3873.0,5608.0,66795.0,5650.0,5261.0,5307.0,5660.0,6822.0,4152.0,5152.0,5749.0,5091.0,6325.0,66795.0,,4986.0,5134.0,4818.0,5089.0,5383.0,4133.0,4599.0,5627.0,3019.0,4855.0,5796.0,4755.0,4984.0,5048.0,5529.0,4151.0,6301.0,6125.0,4743.0,4252.0,4559.0,4166.0,5137.0,3590.0,4465.0,5273.0,5016.0,5085.0,5409.0,0.0,5077.0,4520.0,4595.0,4726.0,4055.0,5707.0,4540.0,2279.0,5331.0,5898.0,4578.0,1694.0,5077.0,4181.0,4880.0,4855.0,4709.0,4742.0,4986.0,4725.0,5009.0
A31,524.0,,2902.0,1069.0,1221.0,2486.0,2638.0,1069.0,2365.0,2397.0,1493.0,2817.0,1584.0,779.0,2638.0,1030.0,1348.0,2045.0,2469.0,1542.0,1710.0,69635.0,1674.0,1054.0,1212.0,1646.0,4497.0,1787.0,675.0,1657.0,1500.0,2349.0,69635.0,,1687.0,1223.0,753.0,1253.0,2170.0,2680.0,1829.0,1927.0,2913.0,2397.0,3442.0,1168.0,1398.0,1457.0,1331.0,1730.0,2325.0,2128.0,2180.0,1313.0,1488.0,1534.0,1453.0,2985.0,2513.0,1573.0,1009.0,1424.0,1043.0,5255.0,0.0,2330.0,1207.0,1169.0,2124.0,3353.0,1913.0,5044.0,2311.0,1831.0,988.0,4008.0,1179.0,2147.0,2526.0,1239.0,1597.0,1026.0,1064.0,1528.0,1088.0
A32,2559.0,,4178.0,2355.0,2575.0,3721.0,3873.0,2355.0,3603.0,3661.0,2257.0,3644.0,2819.0,2580.0,3873.0,2377.0,2030.0,2015.0,2504.0,991.0,2980.0,70101.0,2909.0,2632.0,2566.0,2919.0,5873.0,1420.0,2520.0,3007.0,2349.0,3583.0,70101.0,,2167.0,2352.0,2077.0,2315.0,2791.0,3507.0,1965.0,2886.0,2362.0,3666.0,1806.0,2013.0,2242.0,2306.0,2787.0,1140.0,3560.0,3384.0,2011.0,1520.0,1827.0,1433.0,2508.0,2434.0,3117.0,2531.0,2275.0,2344.0,2668.0,4494.0,2336.0,0.0,1853.0,1984.0,1097.0,1697.0,1948.0,4638.0,3581.0,3208.0,1837.0,3457.0,2449.0,1556.0,870.0,2206.0,1960.0,2009.0,2253.0,2096.0,2377.0
A33,1450.0,,3119.0,1375.0,1342.0,2488.0,2640.0,1375.0,2371.0,2428.0,1875.0,3154.0,1586.0,1351.0,2640.0,1367.0,420.0,2026.0,2515.0,962.0,2048.0,70112.0,1676.0,1462.0,1333.0,1686.0,4499.0,1430.0,1291.0,1775.0,1117.0,2351.0,70112.0,,1467.0,1152.0,844.0,1344.0,2508.0,3018.0,1975.0,1653.0,2333.0,2735.0,2862.0,636.0,1029.0,1074.0,1555.0,1150.0,2327.0,2151.0,2006.0,1530.0,1823.0,1444.0,1790.0,2405.0,2850.0,1299.0,1042.0,1111.0,1435.0,4466.0,1103.0,1587.0,0.0,545.0,1544.0,2773.0,1959.0,4609.0,2649.0,1975.0,604.0,3428.0,1517.0,1566.0,1946.0,1622.0,1970.0,1574.0,1649.0,1910.0,1379.0
A34,1548.0,,3217.0,1473.0,1440.0,2586.0,2738.0,1473.0,2468.0,2526.0,1973.0,3252.0,1684.0,1449.0,2738.0,1465.0,820.0,2004.0,2492.0,940.0,2146.0,70090.0,1774.0,1559.0,1431.0,1784.0,4597.0,1408.0,1388.0,1872.0,1215.0,2448.0,70090.0,,1016.0,721.0,942.0,1088.0,2605.0,3116.0,1953.0,1751.0,2311.0,2832.0,2840.0,878.0,1108.0,1172.0,1652.0,1128.0,2425.0,2249.0,1728.0,1508.0,1358.0,1422.0,1888.0,2383.0,2948.0,1397.0,1140.0,1209.0,1533.0,4443.0,1201.0,1564.0,549.0,0.0,1522.0,2751.0,1937.0,4441.0,2747.0,2073.0,702.0,3406.0,1615.0,1544.0,1924.0,1720.0,1948.0,1671.0,1747.0,2085.0,1477.0
A35,2406.0,,4075.0,2321.0,2298.0,3444.0,3596.0,2321.0,3326.0,3384.0,2223.0,3610.0,2542.0,2546.0,3596.0,2343.0,1754.0,1982.0,2470.0,855.0,2946.0,70067.0,2632.0,2417.0,2289.0,2642.0,5455.0,1386.0,2246.0,2730.0,2073.0,3306.0,70067.0,,2133.0,2116.0,1800.0,2281.0,2758.0,3474.0,1931.0,2609.0,1894.0,3632.0,2374.0,1736.0,1966.0,2030.0,2510.0,1106.0,3283.0,3107.0,1977.0,1486.0,1793.0,1400.0,2474.0,1966.0,3083.0,2255.0,1998.0,2067.0,2391.0,4027.0,2059.0,1099.0,1576.0,1708.0,0.0,2285.0,1914.0,4025.0,3547.0,2931.0,1560.0,3199.0,2415.0,1522.0,1458.0,2172.0,1926.0,1976.0,2219.0,2062.0,2343.0
A36,3745.0,,5363.0,3540.0,3760.0,4906.0,5058.0,3540.0,4788.0,4846.0,3442.0,4829.0,4004.0,3765.0,5058.0,3562.0,3216.0,3201.0,3689.0,2176.0,4165.0,71286.0,4094.0,3817.0,3751.0,4104.0,7058.0,2605.0,3705.0,4192.0,3535.0,4768.0,71286.0,,3352.0,3537.0,3262.0,3500.0,3977.0,4693.0,3150.0,4071.0,3547.0,4851.0,2318.0,3198.0,3428.0,3491.0,3972.0,2325.0,4745.0,4569.0,3196.0,2705.0,3012.0,2619.0,3693.0,3619.0,4302.0,3717.0,3460.0,3529.0,3853.0,5889.0,3521.0,1742.0,3038.0,3170.0,2283.0,0.0,3133.0,5677.0,4766.0,4393.0,3022.0,4642.0,3634.0,2741.0,900.0,3391.0,3145.0,3195.0,3438.0,3281.0,3562.0
A37,1502.0,,2579.0,1298.0,2332.0,2977.0,2934.0,1298.0,2860.0,2927.0,1202.0,1695.0,2206.0,1523.0,2934.0,1320.0,2377.0,399.0,556.0,1400.0,1337.0,68153.0,2296.0,1571.0,2323.0,2268.0,4495.0,1282.0,1462.0,2279.0,2509.0,2815.0,68153.0,,2216.0,2232.0,1762.0,2247.0,843.0,1559.0,825.0,2876.0,2498.0,1919.0,3365.0,2177.0,2407.0,2466.0,1953.0,1382.0,2945.0,2750.0,1760.0,1466.0,1803.0,1380.0,1235.0,2570.0,1169.0,2204.0,2251.0,2351.0,2132.0,4750.0,1694.0,2090.0,2200.0,2178.0,2021.0,3277.0,0.0,4628.0,1833.0,1911.0,1997.0,3593.0,1387.0,1236.0,2450.0,1165.0,1254.0,1659.0,1359.0,1064.0,1320.0
A38,5070.0,,6685.0,4866.0,5194.0,6340.0,6493.0,4866.0,6223.0,6280.0,4764.0,6120.0,5439.0,5091.0,6493.0,4888.0,4650.0,4413.0,4980.0,3751.0,5487.0,68312.0,5529.0,5139.0,5186.0,5538.0,8380.0,4030.0,5030.0,5627.0,4969.0,6203.0,68312.0,,4864.0,5012.0,4696.0,4968.0,5268.0,5984.0,4477.0,5506.0,2897.0,6173.0,5674.0,4633.0,4862.0,4926.0,5407.0,4029.0,6179.0,6003.0,4621.0,4130.0,4438.0,4044.0,5015.0,3034.0,5593.0,5151.0,4894.0,4963.0,5288.0,2252.0,4955.0,4398.0,4473.0,4604.0,3934.0,5585.0,4424.0,0.0,6088.0,5776.0,4457.0,1229.0,4955.0,4059.0,4758.0,4733.0,4587.0,4620.0,4864.0,4603.0,4888.0
A39,2150.0,,1979.0,1975.0,2867.0,2954.0,2734.0,1975.0,2836.0,2903.0,2127.0,1691.0,2432.0,2165.0,2734.0,1941.0,2803.0,2282.0,1949.0,2815.0,1004.0,68612.0,2509.0,1828.0,2889.0,2448.0,3938.0,2524.0,2129.0,2373.0,2955.0,2791.0,68612.0,,3142.0,2678.0,2208.0,2708.0,1681.0,1554.0,2272.0,3241.0,3950.0,1130.0,4780.0,2623.0,2852.0,2912.0,2339.0,2796.0,2745.0,3088.0,2808.0,2251.0,2700.0,2271.0,1488.0,4022.0,1849.0,2673.0,2697.0,2820.0,2717.0,5401.0,2127.0,3504.0,2662.0,2624.0,3435.0,4691.0,2213.0,6080.0,0.0,1711.0,2443.0,5045.0,1433.0,2651.0,3864.0,1803.0,2229.0,2342.0,2092.0,2146.0,1961.0
A40,1513.0,,1720.0,1561.0,1547.0,1630.0,1404.0,1561.0,1512.0,1579.0,1923.0,2086.0,1108.0,1454.0,1404.0,1722.0,2214.0,2187.0,1854.0,2395.0,1335.0,68913.0,1185.0,1614.0,1569.0,1139.0,3046.0,2320.0,1418.0,1063.0,1914.0,1468.0,68913.0,,2927.0,2464.0,1994.0,2494.0,1658.0,1950.0,2063.0,1932.0,3741.0,1892.0,4295.0,2035.0,2054.0,1871.0,1019.0,2583.0,1414.0,1779.0,2604.0,2047.0,2496.0,2067.0,1371.0,3812.0,1782.0,1353.0,1465.0,1500.0,1397.0,5703.0,1900.0,3020.0,2060.0,2023.0,2977.0,4206.0,2118.0,5871.0,1768.0,0.0,1537.0,4836.0,1229.0,2441.0,3379.0,1599.0,2025.0,2128.0,1778.0,1941.0,1627.0
A41,1310.0,,2672.0,1235.0,895.0,2041.0,2194.0,1235.0,1924.0,1981.0,1736.0,3015.0,1139.0,1211.0,2194.0,1228.0,850.0,2095.0,2584.0,1031.0,1908.0,69833.0,1229.0,1322.0,886.0,1239.0,4052.0,1499.0,1151.0,1328.0,729.0,1904.0,69833.0,,1563.0,1133.0,705.0,1204.0,2368.0,2878.0,2044.0,1206.0,2612.0,2595.0,2931.0,671.0,850.0,627.0,1108.0,1219.0,1880.0,1704.0,2120.0,1599.0,1615.0,1513.0,1651.0,2474.0,2711.0,852.0,595.0,664.0,989.0,4534.0,963.0,1655.0,696.0,658.0,1613.0,2842.0,2028.0,4532.0,2509.0,1528.0,0.0,3497.0,1377.0,1635.0,2179.0,1482.0,2005.0,1434.0,1510.0,1771.0,1239.0
A42,4103.0,,5717.0,3898.0,4227.0,5373.0,5525.0,3898.0,5255.0,5313.0,3796.0,5153.0,4471.0,4123.0,5525.0,3921.0,3683.0,3446.0,4013.0,2784.0,4519.0,67996.0,4561.0,4172.0,4218.0,4571.0,7412.0,3063.0,4063.0,4659.0,4002.0,5235.0,67996.0,,3897.0,4045.0,3729.0,4000.0,4300.0,5016.0,3510.0,4538.0,1930.0,5206.0,4706.0,3665.0,3895.0,3958.0,4439.0,3062.0,5212.0,5036.0,3654.0,3163.0,3470.0,3077.0,4048.0,2500.0,4626.0,4184.0,3927.0,3996.0,4320.0,1710.0,3988.0,3431.0,3505.0,3637.0,2966.0,4618.0,3457.0,1240.0,5120.0,4809.0,3489.0,0.0,3988.0,3091.0,3791.0,3766.0,3620.0,3653.0,3896.0,3636.0,3920.0
A43,1033.0,,2119.0,857.0,1905.0,1976.0,2183.0,857.0,1858.0,1925.0,1009.0,1955.0,1454.0,1047.0,2183.0,823.0,1685.0,1361.0,1625.0,1719.0,857.0,68782.0,1531.0,710.0,1932.0,1470.0,3814.0,1406.0,1012.0,1395.0,1837.0,1813.0,68782.0,,2024.0,1560.0,1090.0,1590.0,1353.0,1819.0,1177.0,2263.0,2855.0,1544.0,3684.0,1505.0,1735.0,1794.0,1377.0,1700.0,1870.0,2110.0,1690.0,1133.0,1582.0,1154.0,636.0,2926.0,1651.0,1711.0,1579.0,1832.0,1741.0,4987.0,1009.0,2409.0,1544.0,1507.0,2339.0,3596.0,1260.0,4985.0,1458.0,1207.0,1325.0,3950.0,0.0,1555.0,2769.0,685.0,1111.0,1224.0,974.0,1028.0,843.0
A44,1701.0,,3315.0,1497.0,2398.0,3176.0,3384.0,1497.0,3058.0,3126.0,1394.0,2782.0,2405.0,1722.0,3384.0,1519.0,1854.0,1153.0,1642.0,877.0,2117.0,69239.0,2495.0,1770.0,2390.0,2467.0,5011.0,637.0,1661.0,2478.0,2173.0,3014.0,69239.0,,1647.0,1996.0,1900.0,1751.0,1929.0,2645.0,1102.0,2710.0,1981.0,2804.0,2842.0,1837.0,2066.0,2130.0,2152.0,827.0,3070.0,2949.0,1178.0,884.0,1221.0,798.0,1646.0,2053.0,2255.0,2355.0,2098.0,2167.0,2331.0,4113.0,1893.0,1567.0,1677.0,1808.0,1497.0,2754.0,1086.0,4111.0,2718.0,2407.0,1660.0,3076.0,1586.0,0.0,1927.0,1364.0,1218.0,1374.0,1558.0,1234.0,1519.0
A45,2939.0,,4557.0,2734.0,2954.0,4100.0,4252.0,2734.0,3983.0,4040.0,2636.0,4023.0,3198.0,2959.0,4252.0,2757.0,2410.0,2395.0,2883.0,1370.0,3359.0,70480.0,3288.0,3011.0,2945.0,3298.0,6252.0,1799.0,2899.0,3387.0,2729.0,3963.0,70480.0,,2546.0,2731.0,2456.0,2694.0,3171.0,3887.0,2344.0,3265.0,2741.0,4046.0,1718.0,2393.0,2622.0,2686.0,3167.0,1519.0,3939.0,3763.0,2390.0,1899.0,2206.0,1813.0,2887.0,2813.0,3496.0,2911.0,2654.0,2723.0,3047.0,4873.0,2715.0,936.0,2233.0,2364.0,1477.0,935.0,2327.0,4871.0,3960.0,3587.0,2216.0,3836.0,2828.0,1935.0,0.0,2586.0,2339.0,2389.0,2632.0,2475.0,2756.0
A46,702.0,,2298.0,498.0,1532.0,2159.0,2366.0,498.0,2041.0,2108.0,616.0,2054.0,1406.0,723.0,2366.0,397.0,1557.0,1168.0,1679.0,1346.0,1114.0,68987.0,1496.0,950.0,1523.0,1468.0,3993.0,1004.0,662.0,1479.0,1709.0,1996.0,68987.0,,1632.0,1432.0,962.0,1462.0,1407.0,1917.0,953.0,2076.0,2579.0,1801.0,3311.0,1377.0,1607.0,1666.0,1153.0,1327.0,2053.0,1950.0,1288.0,731.0,1180.0,751.0,690.0,2650.0,1750.0,1404.0,1451.0,1551.0,1332.0,4711.0,894.0,2036.0,1416.0,1378.0,1966.0,3223.0,1036.0,4709.0,1715.0,1390.0,1197.0,3674.0,583.0,1364.0,2396.0,0.0,709.0,857.0,559.0,626.0,447.0
A47,1040.0,,2722.0,836.0,1870.0,2582.0,2790.0,836.0,2465.0,2532.0,778.0,2477.0,1745.0,1061.0,2790.0,858.0,1895.0,1140.0,1629.0,1210.0,1538.0,69226.0,1835.0,1201.0,1862.0,1806.0,4417.0,868.0,1001.0,1818.0,2048.0,2420.0,69226.0,,1551.0,1770.0,1300.0,1310.0,1831.0,2341.0,845.0,2415.0,2442.0,2225.0,3175.0,1716.0,1945.0,2005.0,1491.0,1191.0,2476.0,2288.0,1152.0,543.0,1000.0,615.0,1113.0,2514.0,2173.0,1742.0,1790.0,1889.0,1670.0,4784.0,1232.0,1900.0,1755.0,1717.0,1830.0,3086.0,1073.0,4718.0,2139.0,1813.0,1535.0,3537.0,1007.0,1228.0,2259.0,687.0,0.0,722.0,795.0,564.0,858.0
A48,1032.0,,2902.0,806.0,1943.0,2719.0,2871.0,806.0,2598.0,2630.0,1130.0,2658.0,1817.0,1133.0,2871.0,940.0,1676.0,1576.0,2064.0,1310.0,1718.0,69591.0,1907.0,1202.0,1934.0,1879.0,4597.0,968.0,1073.0,1890.0,1829.0,2581.0,69591.0,,1531.0,1255.0,1081.0,925.0,2011.0,2521.0,1425.0,2365.0,2542.0,2405.0,3275.0,1497.0,1726.0,1786.0,1564.0,1291.0,2558.0,2361.0,1252.0,742.0,1037.0,715.0,1294.0,2614.0,2354.0,1815.0,1571.0,1823.0,1743.0,4884.0,1016.0,1999.0,1536.0,1498.0,1930.0,3186.0,1509.0,4672.0,2319.0,1993.0,1316.0,3637.0,1187.0,1328.0,2359.0,883.0,705.0,0.0,458.0,969.0,831.0
A49,667.0,,2597.0,373.0,1497.0,2273.0,2426.0,373.0,2153.0,2184.0,817.0,2358.0,1372.0,688.0,2426.0,507.0,1513.0,1369.0,1793.0,1488.0,1405.0,69291.0,1462.0,819.0,1489.0,1433.0,4293.0,1146.0,628.0,1445.0,1666.0,2136.0,69291.0,,1789.0,1461.0,918.0,1281.0,1711.0,2221.0,1154.0,2041.0,2721.0,2092.0,3453.0,1334.0,1563.0,1622.0,1118.0,1470.0,2112.0,1915.0,1430.0,873.0,1322.0,894.0,994.0,2793.0,2054.0,1369.0,1407.0,1516.0,1297.0,4853.0,850.0,2178.0,1372.0,1335.0,2109.0,3365.0,1237.0,4997.0,2006.0,1618.0,1153.0,3816.0,874.0,1507.0,2538.0,592.0,719.0,458.0,0.0,889.0,396.0
A50,948.0,,2629.0,744.0,1778.0,2490.0,2698.0,744.0,2373.0,2440.0,478.0,2385.0,1653.0,969.0,2698.0,850.0,1803.0,845.0,1334.0,1318.0,1446.0,68931.0,1743.0,1109.0,1770.0,1714.0,4325.0,976.0,909.0,1725.0,1956.0,2328.0,68931.0,,1603.0,1678.0,1208.0,1505.0,1621.0,2249.0,695.0,2322.0,2549.0,2132.0,3283.0,1624.0,1853.0,1912.0,1399.0,1299.0,2384.0,2196.0,1260.0,702.0,1151.0,723.0,1021.0,2620.0,1947.0,1650.0,1697.0,1797.0,1578.0,4681.0,1140.0,2007.0,1662.0,1625.0,1938.0,3194.0,778.0,4825.0,2047.0,1721.0,1443.0,3644.0,915.0,1255.0,2367.0,595.0,560.0,916.0,840.0,0.0,766.0
A51,668.0,,2494.0,222.0,1497.0,2273.0,2426.0,222.0,2153.0,2184.0,798.0,2339.0,1372.0,748.0,2426.0,186.0,1424.0,1350.0,1774.0,1554.0,1302.0,69227.0,1462.0,748.0,1489.0,1433.0,4190.0,1212.0,628.0,1445.0,1577.0,2136.0,69227.0,,1763.0,1299.0,829.0,1329.0,1692.0,2203.0,1135.0,2042.0,2786.0,1989.0,3519.0,1245.0,1474.0,1534.0,1118.0,1535.0,2112.0,1915.0,1496.0,938.0,1387.0,959.0,975.0,2858.0,2035.0,1369.0,1319.0,1516.0,1297.0,4918.0,749.0,2243.0,1284.0,1246.0,2174.0,3430.0,1218.0,4916.0,1903.0,1618.0,1064.0,3881.0,771.0,1513.0,2603.0,532.0,917.0,871.0,428.0,833.0,0.0
